,A,B,C,D
2000-01-01,0.2129369336603852,0.21181101361378726,1.2778106071782513,-0.4004457076786731
2000-01-02,-0.7542969362509867,0.5482128559947037,1.7533490465386896,0.6896419807671983
2000-01-03,-0.8421091055739373,-0.10841288499559543,1.7514574079712077,0.8388972612858269
2000-01-04,-0.5476188580692347,-0.959331108110789,2.6075122001829163,0.804859210675141
2000-01-05,0.5244606814513539,-1.6072280889997872,1.6206082343796642,1.1085326672617715
2000-01-06,-0.43428749971788294,-1.1125463828625493,2.203324572859632,0.04486520924016002
2000-01-07,0.7249178704031427,-0.30193120908320636,1.6386251764189397,-1.2169279957454382
2000-01-08,-1.170312839315079,-0.07808054936700018,2.8000267846631584,-0.6156260547977362
2000-01-09,-0.8996960408781698,-0.269446537952969,3.2945670409859096,-0.2191464978720229
2000-01-10,-1.3903252674949358,-1.2027104083280837,1.2165386530436288,0.5976026565250677
2000-01-11,0.43143853469712323,-1.1123383575584243,1.6600388061511464,3.0605124892519826
2000-01-12,1.848209788302919,0.23925784290760532,0.6897324651943071,3.804773366909581
2000-01-13,1.5176701776304913,-0.2772835594718659,2.3848150037434133,6.006653568958546
2000-01-14,2.444498263971712,0.9930106789582149,2.7886683378770294,6.667418664825803
2000-01-15,2.7947124100529255,0.7933496994747601,1.7822004809353496,6.838680581609131
2000-01-16,1.2736730950042776,1.1378973059632975,0.7834591959376447,4.962244170100348
2000-01-17,2.718791350773074,1.9724445299201219,2.180617040283466,5.146755061412167
2000-01-18,1.5654191470234393,3.05142508905994,2.7558315096827752,4.557367898462941
2000-01-19,1.5828741942472666,2.764717925990727,2.1022859477778115,4.141808932518862
2000-01-20,2.4018097977620236,4.429777659973389,1.4510856518796256,2.6435558931906122
2000-01-21,2.8484686438382525,2.95778685604441,1.11268146239884,2.5221183043127433
2000-01-22,4.556027183931955,4.072284853794958,0.3837171023972371,0.7590041070664502
2000-01-23,4.415781231628486,2.4253485326572246,-0.8367232057195609,0.548270514119096
2000-01-24,5.772441258865845,3.8127164918016216,-0.3927940025257622,-0.13426517842095975
2000-01-25,5.225831482033646,5.352925629125246,0.21111330013488488,0.06885198035406201
2000-01-26,6.653638577868697,4.432871349556798,0.541463402133716,-1.0500239057924183
2000-01-27,6.208415845864735,3.986941949957785,0.5236823198359496,-0.33205033094466974
2000-01-28,8.18820067572145,4.41470785774497,0.3741514097980735,-0.41876396650884257
2000-01-29,7.315259194332134,4.838002335891872,1.7552144798617446,-0.4894774350555974
2000-01-30,7.930189715624269,5.918714729641697,1.6975208044797467,-0.001049438205652009
2000-01-31,7.049541603965265,6.465541771769688,1.3248435707359136,-0.35913208192115237
2000-02-01,10.02332333443999,6.2059846789644775,2.896582004291268,-1.309595216388605
2000-02-02,10.289610629589546,5.972769799617024,3.450442817440843,-1.7255007564408595
2000-02-03,8.204615372495232,5.828355654632329,1.9030347675418124,-1.2561180297435177
2000-02-04,7.139399185299007,4.225028218909611,1.0585220853949255,-0.07650733703362178
2000-02-05,8.128840822439672,4.803615202117218,2.3099682098341003,-0.7227814604962688
2000-02-06,8.680161756199537,4.751832221250389,3.915876344926386,-1.83444383948139
2000-02-07,7.689475663344784,4.765287378604133,4.695566311498903,-2.241155987526199
2000-02-08,8.270425305119534,5.2406156650410916,5.6142917018551755,-2.0410181802769896
2000-02-09,7.389473968248437,4.09877859970865,3.9772231471662467,-2.3418727991350226
2000-02-10,7.665101028828941,4.349237537069774,5.204728133717142,-3.056904374403837
2000-02-11,7.157459575522806,4.018561818953325,5.442488186157192,-4.969049382386806
2000-02-12,6.739909290131227,4.463153712639371,6.175192655655635,-3.247878789559734
2000-02-13,5.915162754619209,5.229212424053618,8.753009779913313,-3.942157689132539
2000-02-14,6.848019727997264,4.246357318790158,8.202591414362782,-3.5396329767441843
2000-02-15,7.039354556470315,4.007440534243175,8.141456295662133,-2.6854290410283066
2000-02-16,7.759108567974226,3.288731179121453,8.783014433293996,-4.109294312818662
2000-02-17,9.610901819937503,3.004380181214399,8.310387690979889,-2.616862276900225
2000-02-18,9.312034882285028,3.293159244623061,8.672508083071301,-1.9174732790183233
2000-02-19,9.448057978502074,3.2138873482788526,7.746433745900784,-2.4472536214365332
2000-02-20,9.900859622689703,2.9295617746964218,6.5281673258138575,-1.8589037652214375
2000-02-21,10.117553244717747,3.3599972196156247,6.02400210697624,-3.3200761782815515
2000-02-22,11.367682015117968,3.079362182417361,8.466097866641471,-3.9275728011382722
2000-02-23,11.887177047473472,2.679356452495888,10.468979913033849,-4.066581409422877
2000-02-24,11.555367822369186,3.334250004091607,11.039481127206388,-4.15196257914964
2000-02-25,10.091186239321615,3.163061621327159,11.289983978450007,-3.862250282078651
2000-02-26,9.302125834438966,4.312562841135776,12.511351229910717,-3.651430450986557
2000-02-27,9.27303337718599,4.90400465284482,11.51518527663494,-5.21138239258754
2000-02-28,10.026523584944592,5.009853592203997,12.687960042895225,-6.776346008823775
2000-02-29,10.530236774007834,3.102910618507564,10.736441836672977,-8.019480483563477
2000-03-01,12.918586230097803,3.141382231702526,11.786343884173991,-8.97170031447122
2000-03-02,14.132240472877918,3.9908536739646028,11.710449290155497,-8.755236949271934
2000-03-03,14.967411842195236,3.703536079533464,11.306211705682857,-9.90052724491024
2000-03-04,13.194594587050135,5.425623232109417,10.743839138252858,-9.579942206936863
2000-03-05,12.586172211410432,6.3404242256809615,11.322491165919741,-7.79858721026158
2000-03-06,13.488725002346838,5.886595282710496,11.468324809071365,-9.6947176786138
2000-03-07,14.585413491768122,5.995687987737892,12.518226400543464,-9.581102922083383
2000-03-08,14.055667688639595,5.078283952795872,10.806145359278641,-9.04261648765951
2000-03-09,14.989853578722844,4.315524777897309,11.71828540977927,-8.036278551923825
2000-03-10,15.338189289942388,5.951740517031043,11.7050915147829,-8.845666677794025
2000-03-11,16.481202538403245,6.088581988420358,12.05389239287408,-8.993824561547482
2000-03-12,17.051425840207067,5.425072171892779,12.29489762364961,-8.993314392019437
2000-03-13,16.535104004498983,5.191442683473045,12.038777367477657,-9.077155271766179
2000-03-14,17.234884672031562,4.1031010205393,11.650196334220283,-8.792906012871459
2000-03-15,14.749872831320161,5.2423984770068,11.715753450438951,-8.151325041313141
2000-03-16,12.719552320961196,5.379330170524303,10.116970623335138,-9.919113263992182
2000-03-17,13.180190911562066,4.886323772684412,9.519579193814053,-8.144187234249895
2000-03-18,12.82862425079092,4.058395609833533,9.0286973862904,-7.6556347090387415
2000-03-19,13.339388263888727,4.501173198916917,8.521940144855723,-8.021291648031124
2000-03-20,14.769383528375057,4.211544598006141,7.346329168408713,-6.195462735385842
2000-03-21,13.732556479552942,4.487814471044081,6.966627886870551,-5.827427486518193
2000-03-22,13.4440274925015,4.220128755946192,5.399635861845616,-5.593380053992891
2000-03-23,10.921373245280158,5.220162351892587,5.231054963188078,-5.943307758262885
2000-03-24,10.753123114028774,4.475805179216209,6.163196955215477,-5.477176739796038
2000-03-25,10.207257026275203,4.13669260301698,6.615951476814182,-4.345764752264277
2000-03-26,9.560820795093868,3.521944492678378,7.551590395211675,-4.043572432789264
2000-03-27,8.332599140287583,3.665726744366693,8.78709419592606,-3.693282673577082
2000-03-28,8.180761044955398,4.483729947374125,8.005574145304685,-3.754721816826222
2000-03-29,7.826578985431538,4.148790287965037,7.841990872641879,-2.3852338407813694
2000-03-30,10.76373430996557,4.52168339452156,7.12417902552036,-2.8505785496521665
2000-03-31,9.002073359192575,3.6696110481451756,6.906908330647351,-3.3690178721120567
2000-04-01,8.841774300239742,2.7358777235575653,7.172666599567257,-2.674269455359256
2000-04-02,8.104698378757654,2.3536454332156937,8.468810037586534,-2.559414849572862
2000-04-03,9.003505265839657,1.691845754276554,7.310278099420443,-2.231966767720423
2000-04-04,10.999121819790096,1.2634080317501761,6.300360584071303,-3.3689431026678047
2000-04-05,12.104276031684364,2.8068081860129457,6.247319587638933,-2.1123223150142536
2000-04-06,13.139040292755919,1.0803059855568407,7.2838275712452685,-3.653601926880707
2000-04-07,11.629490766904393,-0.9796795584316227,7.872906480151222,-2.3449107937027254
2000-04-08,11.702318839822476,-1.2713988463005577,8.956798117245828,-4.209114996621486
2000-04-09,11.304130339626983,-1.4149492935530648,9.551149284895939,-4.483760974220499
2000-04-10,12.122604639989277,-1.9540346939822837,8.61112013959855,-4.494991690354161
2000-04-11,10.849525891960802,-3.329270338035907,8.70602561380055,-4.353220837015091
2000-04-12,11.644141851459322,-4.8151396517692575,9.624756524046965,-5.174275325574845
2000-04-13,11.595721738480647,-5.1889578312599856,9.607579704926334,-7.274277293669534
2000-04-14,12.556618616141657,-3.3991795138530447,7.8158087250592345,-7.595094657185634
2000-04-15,12.272164972530746,-3.109236434543448,8.92987691073861,-8.051888914235878
2000-04-16,12.250075892019073,-1.0025179704442637,9.537695035798219,-8.251023282886214
2000-04-17,12.80738978870528,0.41845737815366,7.8075391787188595,-7.012997678025947
2000-04-18,11.449384135945545,-2.602426400054577,7.820567350598052,-7.568108660440797
2000-04-19,11.167768446294506,-2.9126600017608295,7.674632745078167,-8.710528779363482
2000-04-20,11.115400262851242,-2.6762473419870667,7.25340784078948,-7.332211890032741
2000-04-21,10.982645311358311,-3.3382763584544835,7.534136201444432,-7.434509187131298
2000-04-22,11.607098467794534,-4.339428192825736,4.663737666441505,-8.847587743185441
2000-04-23,11.506895774000954,-4.768534828247976,5.225237737492586,-8.740026583764465
2000-04-24,11.34197578905656,-3.4590283248373,5.089324374164774,-10.545855163472842
2000-04-25,12.53679304471132,-3.2553172551689777,5.9015172737089046,-10.812654775329626
2000-04-26,12.851169503287514,-2.6321649672785106,5.721543798535373,-10.90127184835836
2000-04-27,13.844557208061985,-3.417692085249292,6.51059268436081,-8.672019020691742
2000-04-28,13.092127641621461,-3.570047636985386,8.362818649011926,-7.501291590738425
2000-04-29,13.54627079098423,-2.4770987640959286,7.894529829824991,-9.451311144666573
2000-04-30,11.715702685962926,-2.751671243843468,8.038840332697916,-8.310830551835155
2000-05-01,13.211920568225406,-3.972325682533298,8.981057675543466,-8.481482138100557
2000-05-02,12.90759952497502,-1.8984126717071605,11.447599770907598,-6.280733794927416
2000-05-03,12.161473911337794,-1.1646016461536988,11.831803073120117,-5.529775992302047
2000-05-04,11.74243380722664,-0.40301590054627157,12.084920791291063,-4.518278477728817
2000-05-05,11.308430355427957,-0.5198449875644345,11.962904090663232,-5.896732399550853
2000-05-06,11.367320226946749,-0.3944257216628734,12.033898807373362,-7.85718384480334
2000-05-07,10.51664617997801,0.6523766159790548,11.988323659577015,-7.075801354166405
2000-05-08,10.776228502176481,-0.937871905486572,12.154432575024531,-6.647124102648221
2000-05-09,11.770000029388768,-2.0309143400947995,12.380186233568574,-6.553240273376361
2000-05-10,10.896729164040837,-0.9890516979063082,10.849729659715676,-5.941776195562438
2000-05-11,9.32857957259817,-1.0210821940372863,11.698629750441278,-6.763399379132926
2000-05-12,8.739300150046308,-1.2576551372497113,11.41116104278735,-6.802363546549481
2000-05-13,8.89212437343449,0.4831224341186735,10.264314865495177,-6.876189133341459
2000-05-14,9.633112283702427,0.8811880701345158,8.784151945650004,-7.311644740487234
2000-05-15,8.733537618003751,1.598264100966929,7.44014602024879,-6.175006409485316
2000-05-16,9.165509406639565,1.2048704933332615,7.222741240434228,-5.486007653883515
2000-05-17,9.718638246845298,2.4833766317220243,7.9294298515481,-5.85933729483433
2000-05-18,9.954951520779632,3.7572844111976114,8.516393881007668,-5.528703151301437
2000-05-19,8.330390179916353,1.723505235491019,8.553097351217245,-6.192532733458526
2000-05-20,8.862900520876222,1.3664526103038663,7.0488038634441885,-5.892846079449575
2000-05-21,8.611020934931778,0.03289911521035371,7.812243807093152,-3.0718919198696057
2000-05-22,7.386980869634131,2.3044027005100363,8.009762384171514,-3.521202674471201
2000-05-23,6.983526001309026,2.2244982396151887,10.332333132657437,-3.743527835446635
2000-05-24,7.264990643555228,3.0180288453194155,9.725513116710765,-4.536444376580554
2000-05-25,6.886384440146939,2.6199441772666816,9.301491620223645,-3.558779750453737
2000-05-26,7.129777758023518,2.445066169594141,9.803562355807948,-2.969527961596093
2000-05-27,6.9337165640698135,3.5533325567692824,9.8365474440629,-1.902783880771144
2000-05-28,6.771418859033619,2.0232097657885557,8.786638047629106,-2.1355428349629495
2000-05-29,7.731543969701464,1.6034538941075938,10.86311078305491,-2.647092245500898
2000-05-30,8.379398870961968,-0.4027043692169401,10.86705073748554,-1.7438979561111023
2000-05-31,8.92409205803572,0.1721731373891756,10.260119550850524,-0.10426045201282474
2000-06-01,8.09465619688715,-2.069729460726543,9.62416844816232,0.4482373058117759
2000-06-02,7.754216111414133,-2.5328312454121957,9.720387310969437,0.9674692560676195
2000-06-03,6.94506618920328,-1.39620795322331,8.217676628134042,0.6590215386513865
2000-06-04,5.813647661108398,0.01596061965271267,7.740970452319418,0.42846394462093157
2000-06-05,5.44540957473271,1.2129752118731458,8.268129052348632,0.6269499305894656
2000-06-06,5.58110466928242,-0.28899778013379795,9.553864490788223,1.4119548856431114
2000-06-07,6.200602440585964,-1.1239964903083894,8.577363881393616,0.7858657791617868
2000-06-08,7.094477139364322,-2.6617300565701196,8.049780450496328,0.8606304408689998
2000-06-09,8.325082263491693,-1.116948059993129,6.696309662431202,1.2381846548071502
2000-06-10,7.669944591036877,0.38760529881145933,7.671298725704633,1.1485577921451302
2000-06-11,7.664939748432118,2.4957443988398804,8.754583039678348,1.7143784766325436
2000-06-12,8.94341040058835,3.0979308832105907,8.541716903306972,2.917401953874402
2000-06-13,8.871102268241938,5.178666041310963,8.168064792092833,1.9249852529440141
2000-06-14,10.06821900097221,5.620073614020251,8.79684213880723,2.009670733267622
2000-06-15,11.263333181265782,6.22331499147595,8.561002495644807,0.6600099019639989
2000-06-16,12.066202816017807,5.955672641640214,9.403562071160055,0.7185974779937274
2000-06-17,12.571025281467604,6.159892534572832,9.753651603962034,-0.23966281966532754
2000-06-18,13.014319386160034,7.472855997258332,8.234986505116737,-1.7743577213200958
2000-06-19,10.809096057790047,8.483732948129173,7.8621377174428755,-0.36810991444810526
2000-06-20,12.27713727448232,9.22496844160887,6.975398472900758,-0.7635553639040777
2000-06-21,13.30433605754334,9.051294595327475,5.614125191050873,-2.254661144679661
2000-06-22,11.87685676678308,9.376882201518567,7.481621526186288,-2.041683306211193
2000-06-23,12.935054994303963,9.573946832886145,7.97768909352902,-0.5784338166875245
2000-06-24,14.530918024368994,9.825518848923835,9.15961987094277,-1.226570340829604
2000-06-25,14.317194082569069,9.370027741118982,8.859801640227303,-2.580276785298879
2000-06-26,13.63200352808748,7.923582383459953,9.144954703245176,-3.11219346715191
2000-06-27,13.37588605271811,8.062941420735198,9.158598397836725,-5.967187285100306
2000-06-28,12.867910739521664,8.011478800867428,8.900513230439671,-5.392724986638849
2000-06-29,12.128286296656384,8.98243152901992,9.08545222984466,-4.1132363929809355
2000-06-30,12.766242937376262,8.833280344539556,8.457329215056408,-5.372742557405697
2000-07-01,11.988067461818565,7.355136275855997,8.519646828577242,-5.060455540674259
2000-07-02,12.58724320593634,6.506924414596858,7.619396673147824,-4.056490302237627
2000-07-03,12.370075282914224,7.682159817401118,8.05325885250353,-4.461300034035401
2000-07-04,11.933943763069633,6.057262191145353,8.048399862619402,-3.852024035974444
2000-07-05,10.942219864164192,5.934483830846814,8.684914346869215,-3.427155646583509
2000-07-06,10.637364309089744,8.310286369536744,8.867673012965152,-4.28801926208107
2000-07-07,10.941344222385855,7.742741737981961,10.62199452728086,-5.645777509594591
2000-07-08,9.901188672147633,9.535143058611796,11.806308966433244,-5.318509386727392
2000-07-09,9.449320194395607,9.265882155630958,11.352712744481947,-5.930526179864647
2000-07-10,9.037439655053202,8.990471613784536,11.471693331263692,-6.108445772244548
2000-07-11,11.570597056482471,7.811289876935324,12.189361326011328,-6.342429938076108
2000-07-12,11.617706192975072,9.057352864138089,12.428047987363485,-5.924311434226154
2000-07-13,9.82164057234763,7.778719756543639,12.990626935210301,-6.070177233817033
2000-07-14,10.65149791034519,6.649469080939628,11.341352575235666,-5.722541483849537
2000-07-15,10.505716401435494,6.674500869083822,11.099653672015586,-6.307519643846871
2000-07-16,9.986651868559129,6.873372559620394,11.951997574751761,-6.338851880163743
2000-07-17,8.435705295315682,7.4306947509710035,10.135434337281342,-8.37725164907426
2000-07-18,8.882018860072817,7.236801767518198,9.924242801633481,-9.395863853158383
2000-07-19,10.341495301595852,8.547894569328015,10.60126718979097,-8.1969123901478
2000-07-20,9.452919507830464,8.554677049626736,11.64451274494269,-8.72357407463415
2000-07-21,8.866948004763199,8.431058496249555,12.477253556777308,-7.335629540064769
2000-07-22,8.416932938617608,10.140186983123229,11.838429102048863,-7.727532994808401
2000-07-23,8.029195966598278,9.884195411859404,12.834971976711019,-6.554836327725165
2000-07-24,8.77557815808821,10.524315975854078,13.383767622649367,-4.735537590434722
2000-07-25,9.556092330680858,11.480034405023833,14.546815877544752,-6.052574744978131
2000-07-26,9.529201050869581,12.391070150387907,14.471158230440894,-6.379209827498428
2000-07-27,10.68469601059133,12.823554547196105,13.474359542322567,-7.077430411311833
2000-07-28,10.795248734975683,13.926373013262205,12.293725421269162,-6.7906705091434105
2000-07-29,10.729927217798476,14.661059494253578,13.446626077540957,-8.654545087275888
2000-07-30,10.31055330100362,14.358155672698807,13.873124743737119,-7.240528601963454
2000-07-31,8.784594076774487,13.479312461145025,13.387864391156166,-3.9745353746501193
2000-08-01,8.80982150729479,11.686459026515148,12.927765348556033,-3.082779386314754
2000-08-02,9.080725162355384,12.429514621066813,10.8952902989564,-2.3927966676098755
2000-08-03,9.087543644573397,12.43991139291128,11.256638062239439,-3.1537228321271824
2000-08-04,10.057149061546697,11.597484379695148,8.61030912645782,-2.766274992490743
2000-08-05,9.109893667489738,10.58780308789522,9.28521900299077,-1.6839309900331296
2000-08-06,8.997720617098581,11.13804664287376,9.715240077555217,-2.168863158610345
2000-08-07,9.869228082690428,10.964497406686302,10.133997578124777,-1.2418253478197991
2000-08-08,11.038373767259092,9.668553505873435,8.890271942936826,-1.2128395389957192
2000-08-09,10.132206223495961,8.717330357783954,9.283380010667988,-0.860888481135402
2000-08-10,10.300069879386124,9.478628467926123,11.339032544691346,-1.292081242204652
2000-08-11,10.032764725613609,9.31788076144355,11.62740809932541,-2.789054623628555
2000-08-12,9.880194859785863,10.046272508570489,10.96428256828803,-0.19527163992374819
2000-08-13,9.727106072752779,9.035416064658488,10.385081262331306,-0.34137970299492787
2000-08-14,8.057662968629225,6.448872005901816,10.358039470129244,-0.7949441459898079
2000-08-15,6.9250574020136115,6.473024747756476,10.41931140230197,0.2946576501906739
2000-08-16,8.040805800766613,6.989580060185208,10.694634434506403,0.4302169763286436
2000-08-17,6.400520589435716,6.321636228502011,10.59189637783042,2.384161856528514
2000-08-18,7.073802920440391,5.299265335646252,10.235437411147577,0.3136028283026886
2000-08-19,6.267924697007395,6.17152858771869,9.72386325978367,1.193892451571672
2000-08-20,4.9340602019784825,7.032885146566076,10.204338311021134,0.31564278787075584
2000-08-21,5.388065360627371,8.42879468138189,10.604807710517393,-0.24807094509884509
2000-08-22,4.951420491088914,8.298201699592093,8.405951570548249,1.98079752550841
2000-08-23,4.379624648195406,7.512115696390546,8.462518012972065,1.9446784954455922
2000-08-24,5.246633541178497,8.746973911426323,8.776320610900493,1.9006061398709966
2000-08-25,5.069412042331256,9.485757794500119,9.359631099838683,2.4484719993421895
2000-08-26,5.129209041581278,9.408674245691856,9.586736236554977,1.5835517278243612
2000-08-27,4.160389661699473,10.639015449228964,9.910126347948728,3.512540739142556
2000-08-28,3.550147232481926,10.927954434581707,11.217187823865121,1.8087440189192534
2000-08-29,3.1015421103525878,11.594649506857449,11.06635967137735,1.683603362343748
2000-08-30,3.016543838510862,11.675829427204453,10.719378189919684,1.5126100915684648
2000-08-31,3.740358201066109,11.906160700780994,11.163531938052676,2.3729157532379843
2000-09-01,3.1376136290243384,10.525233756557451,13.946907275166105,2.7933530741936003
2000-09-02,3.5302995731315394,9.844001145071358,13.144848021630557,1.3576719322837945
2000-09-03,2.7327777921058645,9.278896759270713,13.67237572048639,1.732578455118729
2000-09-04,2.792263021489694,8.082202825452098,12.754360172556517,2.453198443390918
2000-09-05,2.8364724124519722,7.473841863360859,13.635914109996325,2.8334686234404964
2000-09-06,3.156133105556685,7.999229831911885,11.343537546009674,3.746920413862079
2000-09-07,3.2577667138344437,8.35074789627505,9.858939127779845,3.002763308227326
2000-09-08,4.69742559870445,9.360369044485523,9.498980555588252,0.17393762495987763
2000-09-09,3.1664051623702507,9.192722954146436,9.201852953821636,-0.4693750602829061
2000-09-10,2.5234020940500614,10.70978882465296,9.976629501507166,-0.7147709749563926
2000-09-11,2.640487201957853,10.352257897912924,9.663347952937446,-1.6707700860914514
2000-09-12,2.6187334933565216,10.4444700628625,10.006453425351582,-2.060923107969145
2000-09-13,1.024632372079331,11.548699503498803,10.975607605674323,-4.394833920110252
2000-09-14,-1.740999611845013,13.627144452067242,11.031124417875272,-4.512425505721855
2000-09-15,-1.4992134360128038,14.71261566110441,9.584578181467377,-3.29831506960404
2000-09-16,-1.1615982805986427,14.056156433680297,10.691802103609447,-5.69292904769548
2000-09-17,-2.880944484151491,13.160620064194937,9.001222140202769,-6.277863874733527
2000-09-18,-3.504505495012259,15.184766819659204,8.62257728321865,-6.067944010655431
2000-09-19,-3.3527710164047475,15.015695168480043,9.649313067239053,-6.663613343888077
2000-09-20,-3.4695280765959224,15.793908834276207,10.468679747364034,-6.26738845269681
2000-09-21,-3.430220470899008,17.111894776905014,10.069481283763649,-6.0823429995275
2000-09-22,-2.580169659680757,17.01773286501096,9.393950790681828,-7.230214700671791
2000-09-23,-2.8682682887341215,17.259557574174366,7.554628707276723,-6.79784785472046
2000-09-24,-1.3020267189576258,16.885121785893595,5.964972926205379,-7.524276847764515
2000-09-25,-2.2095166580748122,16.576384395938046,6.089963146116977,-8.201462466142873
2000-09-26,-0.12306062302022358,17.96592579206005,6.789895155404426,-7.250539602610905
2000-09-27,-1.1138298351711622,17.396886144350663,7.785661448970895,-7.974964544183003
2000-09-28,-1.0368984442315416,17.870541416648166,7.538092387828713,-9.178026443613044
2000-09-29,-0.9513573347912316,18.640237318246157,6.271681704233286,-6.874496783906702
2000-09-30,-2.760777481410939,19.420243504044226,6.963096914985821,-7.876958520830412
2000-10-01,-2.209843323146854,19.81287762228984,6.459206838442434,-6.452079788813716
2000-10-02,-1.5400562568280358,20.63779656680962,6.627778114545145,-6.501736886019838
2000-10-03,-0.8973327850628064,21.07767883840611,6.556979705197361,-6.175639576732984
2000-10-04,0.5501453083571032,22.55064562254216,7.398230252452387,-7.335282548223012
2000-10-05,2.0558881084208367,23.1202027389235,7.90001166174837,-6.382192443800756
2000-10-06,3.2284240137811264,24.3749326851203,7.160956627516239,-6.082115627272078
2000-10-07,1.9244955999387896,22.98921544546121,8.100193621199944,-5.937373715405756
2000-10-08,2.537244858876963,24.237501041418092,7.867878522494579,-6.254683343994231
2000-10-09,3.323205307803592,23.187798836648447,8.5608229782377,-5.74786363966114
2000-10-10,3.758328892318721,23.91446025617273,6.766109056010311,-6.626492627825138
2000-10-11,4.1380081919410925,24.48347173300645,5.108112796246604,-5.992921648272217
2000-10-12,4.889374959273873,24.02105658831263,4.722079521123612,-5.61671377230477
2000-10-13,4.103163082557158,23.854675280228296,7.613051629530377,-6.082970802828113
2000-10-14,2.9207734076206435,22.590580993326228,7.042215629334023,-5.012006798365268
2000-10-15,2.5399765286120934,23.293386007942324,7.055412409247999,-3.662004394863578
2000-10-16,3.047921903298102,24.54820623283984,7.859145769425393,-1.5917302714347672
2000-10-17,2.3137434054491903,24.560935344962697,9.449424346191114,-1.154084382922219
2000-10-18,3.2195515034895217,25.187021586776666,10.377207574396609,0.7916682667643071
2000-10-19,2.5501467165389564,24.94261114865575,10.202833725376165,1.7135706240676658
2000-10-20,3.139611182166754,26.533108298639604,9.232876034712572,3.3249998478528315
2000-10-21,2.3438637224478507,27.045862790511464,9.030387121863615,3.299570649345525
2000-10-22,2.5861529886274504,26.65337587910956,7.542123830575177,3.71716195338153
2000-10-23,2.761818033974274,26.727321850266247,7.086474097105036,3.251107704353429
2000-10-24,1.4443577757525035,27.33796322700752,7.635451005454855,2.440279845354501
2000-10-25,0.3484304756088539,27.906719714698223,5.664882025304937,1.8596036028919114
2000-10-26,2.20926291665861,27.500330451212786,5.0617058123985785,0.9027448711230064
2000-10-27,1.2642738653062413,27.223572315721583,4.800113844984155,-0.7116914394139378
2000-10-28,1.2570470507305413,29.019928493566585,3.5721149447620837,-0.3125296626728673
2000-10-29,-0.008915008920392653,27.820250740258505,3.0202245008290105,-1.2224627690228493
2000-10-30,0.5110275166023686,27.52472344419413,3.7598111079168817,-2.543018064294148
2000-10-31,0.147604549892567,27.35114356972218,3.5794720282964794,-2.008318461782687
2000-11-01,-1.65185498065467,28.6844178418521,2.602884121202303,-1.929635107607484
2000-11-02,-2.5406051532346505,28.501250567137348,4.466093273274239,-3.5336887953318605
2000-11-03,-3.7749158040762048,28.46188771469206,3.773064035204865,-3.0790932950474015
2000-11-04,-3.634704474895252,27.483320481345945,1.9711680755398509,-4.209091817992056
2000-11-05,-5.529014221771068,26.736820277243154,3.0394166628514014,-4.52204483218374
2000-11-06,-4.752976674499737,27.37907208800646,2.27446500289297,-3.89987278509388
2000-11-07,-5.165977504461512,26.56248958516286,1.6502934503230364,-2.8412603431728716
2000-11-08,-4.233691252922401,26.458250361040758,1.8146237822524351,-2.2409604482766694
2000-11-09,-5.130374851445695,27.001696031956282,2.6633873797822103,-2.336919004792795
2000-11-10,-3.223954610147804,28.175272602794138,2.900223752488556,-2.1416268246731835
2000-11-11,-2.651536536208053,26.592292157539607,1.1553189836012487,-1.1429638736275898
2000-11-12,-1.7856427340266614,26.133367270541385,1.6808203637285641,-1.0706736131300467
2000-11-13,-1.7793560093654248,25.74395070742414,1.8068100280190424,-1.6396168667364397
2000-11-14,-1.3549965244638347,25.448801547992986,3.0610420670213143,-0.6560116621360742
2000-11-15,-2.0951635778667392,25.880090228162832,3.6003260992041697,-1.880363811491092
2000-11-16,-2.9510448506611966,26.486915910954092,3.21807728521936,-1.7853302792890426
2000-11-17,-3.754533988871021,26.503852942432356,2.6965408774958273,-2.669477607508928
2000-11-18,-4.3964612676655275,26.476474839207263,2.3228121441392977,-2.2481687767971574
2000-11-19,-3.147196982777297,26.542229492215597,1.30518840992112,-3.1423062030799818
2000-11-20,-2.674009983541271,28.84124366649477,1.4438114057801132,-3.5040695937995396
2000-11-21,-3.981481967938917,29.747073498791377,1.0639235501638733,-2.4438468399923314
2000-11-22,-2.9389545571988944,29.036644842724623,0.8531302697266957,-3.4770872610898795
2000-11-23,-1.7914825859268515,28.869233758537472,1.5567719097278125,-2.1862976526459588
2000-11-24,-2.171181510365746,27.264950114014436,0.8703357457428066,-0.4752469174385303
2000-11-25,-2.7943720492260993,26.675048986741167,2.638483450689617,-0.38573800341826736
2000-11-26,-1.7039460703196077,27.840040651689353,0.5251434843463847,-0.8769440736398133
2000-11-27,-0.1859196026524994,26.45730117673985,-0.6956876354807671,-0.3575786683646379
2000-11-28,0.1589251819394928,27.48850011828396,-1.6149387015028944,-1.5189826941657278
2000-11-29,1.2726404940997247,25.586700261729625,-0.5882649368237545,-3.408729865444502
2000-11-30,-1.1140755371228854,24.18502333930008,-0.8046120074390091,-2.2490005835952864
2000-12-01,-2.061009898099226,25.57960336573442,-1.4242890109035473,0.3194341337773974
2000-12-02,-2.8108080886130575,24.603399387945323,-0.974131629075111,1.047851263865288
2000-12-03,-3.205130741179466,24.33607991682093,-1.4211625032704713,0.10431805638978753
2000-12-04,-2.9157412090601627,26.27466113273015,-2.0944389970503297,-1.4886155615166374
2000-12-05,-3.030545554643083,27.06038292669527,-0.6363500893976681,-2.5912623295492905
2000-12-06,-1.3544495112866877,25.50246670742304,-2.6744722595500257,-1.981606920973667
2000-12-07,-1.2953533934695662,23.89837617910867,-3.2072638523556884,-1.0214108448094184
2000-12-08,-1.6357373336177374,24.199580368403442,-5.09282370703886,-0.6181612931202536
2000-12-09,-2.964910032854986,24.669840580059667,-3.732178563003016,0.7442556159938882
2000-12-10,-4.165949327615032,25.725249648112545,-4.072107111170039,2.106347958123309
2000-12-11,-3.5148362633643275,27.781190869557346,-4.555063911156036,3.459314104494632
2000-12-12,-4.863601110376117,26.729970766904533,-3.45644885058098,4.212260169495124
2000-12-13,-2.921696386468749,26.345117415237027,-3.126974196122026,3.052488623250424
2000-12-14,-3.0613394218004144,29.28632136144837,-3.885344945943465,4.61639439548041
2000-12-15,-2.350447107651685,29.604508216011983,-4.857766967204862,3.1615870204100434
2000-12-16,-3.6931851050579323,31.144270432961328,-6.55822929912352,3.874045199179151
2000-12-17,-3.241814884042702,31.075523513322512,-6.9910451269721765,3.059862998885435
2000-12-18,-1.0485794253097938,30.759720973524423,-7.303453929419623,2.2319167825685144
2000-12-19,0.4072233686775677,29.124364732668663,-8.152251390390248,0.6927751978172825
2000-12-20,-0.7690865607581756,29.521024981989825,-8.2699810064427,-0.292380287362321
2000-12-21,-2.725963134306853,29.77059646298376,-8.9475313460384,0.2312895413211693
2000-12-22,-1.9427618152071173,29.51458075496545,-8.897033192969896,1.3337665492600783
2000-12-23,-1.5773166453489962,28.91788838382464,-7.461061120458202,1.2113928524960946
2000-12-24,-1.1971371532464499,27.160703276861565,-7.042884796059658,-0.2361988673332076
2000-12-25,-1.7675167785651769,26.634316199242992,-7.777116541684291,-0.3309190047648457
2000-12-26,-2.5442764900177997,26.616362178930594,-6.747424960589646,1.4644904790717503
2000-12-27,-3.416781988131962,28.253663105911222,-5.32865877593157,2.4971890269026176
2000-12-28,-3.3907177763148963,28.455707890676717,-4.347958126619805,3.215010127726967
2000-12-29,-3.949523244777592,27.113201855339998,-3.4172217936116343,3.2224901034321713
2000-12-30,-3.505962677333816,27.37936625147226,-3.2488695849527773,4.281415142498419
2000-12-31,-4.253668139715072,26.28203866891848,-2.315209725697554,3.7470672665509515
2001-01-01,-4.977357068999873,28.35457625214234,-2.3517448403762984,4.9436544394927555
2001-01-02,-4.751628576024825,28.1509102460034,-2.311867504984742,4.022069164967562
2001-01-03,-4.076393374390367,27.53348204112244,-2.4162917550644876,3.160613100895844
2001-01-04,-3.050256939546088,29.13466009955638,-1.5994682653263088,5.341738386696944
2001-01-05,-3.82222020249109,30.037623866452623,-2.064754148989817,4.998954170889958
2001-01-06,-4.387971932093961,29.23349613839225,-2.393733462567007,4.21918392770665
2001-01-07,-4.508475739399474,28.603531114127406,-1.4827071430992813,4.4700560279724195
2001-01-08,-6.836632609057754,27.815348300061157,-0.22360215923804017,4.922112330864769
2001-01-09,-7.665043238934059,28.018321225959486,0.2711750760882823,5.851011131885067
2001-01-10,-9.457245862972865,29.636983179280826,-0.040645024469730895,5.334220162235356
2001-01-11,-9.424724222943214,32.189492000316605,0.6450515593994015,4.930395375684938
2001-01-12,-10.827191900115707,31.31720962963727,0.4756157134101765,3.26327310523554
2001-01-13,-11.175786593011138,31.4781142571651,1.1247142598725066,2.7454507516286877
2001-01-14,-11.336532681533786,31.60229874928642,0.5594399453391206,4.255654817836518
2001-01-15,-11.878271555325044,28.91794755840694,2.0202723099557387,3.204400456159258
2001-01-16,-12.162889996792698,28.066668663482403,3.046860718205351,3.3467060326625853
2001-01-17,-11.645542107869451,26.436545202808787,2.367465961565568,3.0388679243079393
2001-01-18,-10.636261586311484,26.40266343094636,2.0179787460689553,2.6723575980119967
2001-01-19,-11.024533427840757,26.69412956762459,-0.9673864053217924,2.1850343215830756
2001-01-20,-11.910407667611782,26.7358628424975,-0.01326208089040981,1.6939962855221506
2001-01-21,-11.292929938744377,26.8493585803366,-0.2639779510565126,1.0933456448539371
2001-01-22,-12.135326482030639,25.99548224432368,-1.4885468737458303,2.170440267270344
2001-01-23,-13.37813464189889,24.71510517795862,0.58331207983833,0.658404021482254
2001-01-24,-13.77638563828611,23.554205848726777,-1.7903794438139138,2.7035388746007465
2001-01-25,-14.135649171952995,24.1694891754084,-3.0281966995117564,2.3358839199343997
2001-01-26,-13.463865846698281,23.274751524295468,-3.4248986629935882,1.5698476522671798
2001-01-27,-15.274205936884346,24.981171747739133,-3.1105042767594573,1.30057886625919
2001-01-28,-14.612067038071965,23.990336605325048,-2.9261504680504773,-0.37399126173985486
2001-01-29,-15.075097276610226,22.811862149237943,-3.4983115627297128,-0.16152270088940743
2001-01-30,-14.630231585081129,22.382642749348676,-3.2958125310545547,-1.3620649888127854
2001-01-31,-14.070101407150421,22.031300009877544,-1.0281380638719284,-2.449296612839759
2001-02-01,-13.104532667335082,22.690064038685986,0.1494857232676987,-2.6718555625913836
2001-02-02,-13.198095758735699,21.11575441234282,1.9767396515719,-1.6092130862456921
2001-02-03,-13.033494842698857,21.75137548687689,1.8084745588213247,0.3210614903000997
2001-02-04,-13.232834110711488,22.821015760754047,1.8802689510781858,0.16256914559564417
2001-02-05,-12.321753426596883,22.581266015262784,0.6453081785546873,0.38612589267799824
2001-02-06,-12.073402211178418,20.115856078495494,0.5801133742746981,0.3816186514565907
2001-02-07,-15.398017550224147,21.757721693217654,0.0030226968141752186,2.1401865390323307
2001-02-08,-15.488780834357419,18.258437491107607,0.9288217677795174,2.238949081715743
2001-02-09,-14.50841171789056,18.562513238697107,0.14456874403800457,1.334537800412261
2001-02-10,-12.720164657770054,18.034674963414226,0.9767959939048105,0.593295630092667
2001-02-11,-13.03630459684558,18.775871928719045,1.6946845177322378,1.0258293490515837
2001-02-12,-13.082268954891862,17.66415780972157,1.318279156657764,2.0763359173198346
2001-02-13,-15.605582056682383,18.00994447223005,0.5375415053591062,2.5750464488150135
2001-02-14,-14.810419838956703,15.957379392219153,1.1370661181678767,2.2467874073708263
2001-02-15,-15.149412178224958,16.36072499091945,1.6929434687998066,1.370252196671117
2001-02-16,-15.958754363853721,16.45807414759541,2.014423074234296,0.7133568132669085
2001-02-17,-17.42449530246501,17.286633787301103,1.331754910378996,1.5888384146628105
2001-02-18,-18.0949137409528,17.237175665307827,3.418912067930873,0.12087700138402746
2001-02-19,-18.701100596243087,16.67476329676545,3.5218076928188595,-0.12895823312450394
2001-02-20,-19.890523867491062,18.075498625917692,3.483998491969098,-0.32860973486738504
2001-02-21,-20.214054996201767,20.486659793693526,4.979779632630805,-2.6903227048005913
2001-02-22,-21.521488888926324,19.984279042912164,5.614253121118633,-3.5998171614065577
2001-02-23,-23.69759960891857,18.03449070706771,6.152738451946143,-1.202738228383248
2001-02-24,-24.74213126185398,19.799059635732554,5.336900465036334,-1.5424159100254977
2001-02-25,-24.07571186917541,20.73047776737875,4.917497323133243,-0.7065011141048739
2001-02-26,-23.62313805108736,21.36341834378565,4.159726724482216,0.41350743056712813
2001-02-27,-23.46447753891358,22.39844915949611,3.635986984891962,-1.4370540216628878
2001-02-28,-23.187586244953827,21.491565296516765,3.090345714825945,-1.849722868631639
2001-03-01,-22.810576435947006,22.60625488540885,2.625250468935363,-2.6851243176168555
2001-03-02,-22.743246329256827,21.446609913529578,4.587359289182695,-0.4207557710391088
2001-03-03,-22.80540126672891,20.510974168226813,3.9904577635874894,-0.5819609272401385
2001-03-04,-20.989180540849407,19.149577649001504,2.820850838332855,-0.04439648722921574
2001-03-05,-20.432004272294332,18.868272941400672,4.391067177057996,-0.4180006362762047
2001-03-06,-22.565501156842572,17.235534557586135,3.117028671096406,-1.6793753950383314
2001-03-07,-22.12596011774979,18.933354225779933,2.338662368965032,-2.5236757592601515
2001-03-08,-23.317751673247592,18.450714864336685,2.7708596292766616,-1.4765263166562796
2001-03-09,-22.890364601589805,18.89436354031487,3.287507421670311,-1.2105080966443553
2001-03-10,-23.29914976118039,18.651942408802192,5.736339389990279,-1.1721793099651232
2001-03-11,-23.737772288953153,19.277069272379343,5.300865884360641,0.31167808406062414
2001-03-12,-24.729665680453785,18.097513359500372,4.6831790368439945,0.797508865484278
2001-03-13,-23.866642851325622,17.9438436341989,4.267844699304459,0.7309500707138357
2001-03-14,-24.633829448388322,19.065822687201976,4.42677795322104,1.996952539194259
2001-03-15,-25.373735509757516,19.898419314383876,3.1074502051421975,1.1544233794013634
2001-03-16,-24.92002382641589,19.359284278140134,3.0029545296637257,3.108109522199091
2001-03-17,-25.992653627842042,19.522077769320532,4.106572414334164,2.228066568029159
2001-03-18,-25.485915451357528,19.324650902835224,4.434956822888945,1.0840530923772953
2001-03-19,-26.310949828781325,18.47797728773156,2.3150643817371335,0.43715064919632574
2001-03-20,-24.98826811618103,17.990926849617235,2.948137580308464,2.1824657258306996
2001-03-21,-25.69964537122793,17.489404278282294,1.6327669202746131,3.554659723812385
2001-03-22,-25.03685077775765,16.44980981704272,1.0850068598042886,3.0770644228427195
2001-03-23,-24.088534522095404,15.854179017304407,0.7405562755128425,3.1486288749375553
2001-03-24,-23.198761330287066,15.909252639065956,1.8463721787233274,3.205916795846205
2001-03-25,-23.547771820273827,15.450435660641658,1.135969677784244,2.8581859760615336
2001-03-26,-22.24594995091831,15.399854096360773,0.5005074133223737,3.239795022675166
2001-03-27,-21.961717358136603,18.01997945893709,1.3007342663759178,1.8581917419599934
2001-03-28,-22.44277576856767,20.7072899837709,0.6474861255888874,1.6677149223896102
2001-03-29,-23.520203798451792,20.10539962826849,0.8893659713939569,1.2350417326212475
2001-03-30,-23.042498367554728,21.612965451922555,0.5353368865267687,1.5513733617070322
2001-03-31,-22.515471199272376,22.40106627188828,0.11256699325132397,2.7870876163908775
2001-04-01,-21.280361041860417,21.801943017536477,-1.2799880079958563,0.5167065259114416
2001-04-02,-21.6159826232961,23.03663723522944,-0.09330518046206282,-0.38967868542440154
2001-04-03,-21.995736119095998,21.565680042706195,-0.2720148088655325,-2.077387834233683
2001-04-04,-22.78274134407448,20.537409552101522,0.23250302295077335,-2.324991979157511
2001-04-05,-23.80536037952441,20.914972151737715,-0.1512119885244731,-3.065612775310389
2001-04-06,-23.665871172018637,20.41426418140628,-1.1909777750919661,-1.4373480179274825
2001-04-07,-23.67191135916208,21.96647823989046,-1.6274159926106926,-2.8242900965546918
2001-04-08,-23.73214467636989,21.414040288814743,-2.162927379234546,-4.619371824742611
2001-04-09,-23.80179046825258,21.608877201192946,-1.943379202544142,-3.9687814330993016
2001-04-10,-24.62082768522951,21.23772285430099,-2.370978343122911,-5.566320231182914
2001-04-11,-24.646572180377973,20.23624085453252,0.1006417795500445,-7.50611859125352
2001-04-12,-24.542254710318947,20.194305205402614,-2.1980014994675137,-7.22543223228468
2001-04-13,-24.07901943345785,21.042205429731748,-3.5033142960865855,-6.329142855509938
2001-04-14,-23.696744630591773,20.103510548832315,-4.530634277568594,-5.189756370487426
2001-04-15,-23.204421785973143,19.301733110129003,-5.746392808087827,-2.695602429103876
2001-04-16,-22.261370713166237,21.290768781227438,-5.970382626673268,-2.1229861027141284
2001-04-17,-21.85431992994571,23.19385765324091,-5.760826624802953,-1.6865361711164155
2001-04-18,-21.814690585605433,22.770607570297052,-5.887615232506177,-2.1383564449171732
2001-04-19,-20.83548695733063,22.526279596309493,-6.255272804831546,-3.685623718240521
2001-04-20,-20.847317317029578,22.698364993143077,-5.629993427524784,-4.406302926594851
2001-04-21,-20.129492418762688,23.31054107117113,-4.979891745672638,-4.173764544821379
2001-04-22,-20.66385953336624,23.2114762203889,-6.009430974885713,-4.130763496214076
2001-04-23,-20.696157254129446,24.294539652656404,-5.391140675351204,-3.6338791005495366
2001-04-24,-18.86491658101358,24.48336687602343,-5.915091282768734,-4.797451631129695
2001-04-25,-21.264991650776736,23.3631615364251,-7.150744501128799,-4.929762660355307
2001-04-26,-21.3613537468714,22.934090492796493,-6.119716731920965,-4.86516358710988
2001-04-27,-22.056404250119225,21.19950439437968,-4.914493013013407,-4.8207276359149756
2001-04-28,-21.62758096864032,22.776319182075895,-5.809882378660002,-6.640253020364641
2001-04-29,-22.145224946202394,22.605301775972627,-5.260051211860766,-6.6254858608074185
2001-04-30,-22.86284736207821,23.262580272667943,-6.675308690347816,-6.998911978586852
2001-05-01,-22.993880450475356,21.84794424986832,-8.838147961865765,-6.041263845999026
2001-05-02,-22.956792059675234,22.936217467982278,-8.811028357334768,-5.722487745550262
2001-05-03,-22.607873913522827,21.742240093714518,-8.32170919596005,-4.96780042740915
2001-05-04,-22.987036914567003,19.498824099349907,-9.79294933309626,-3.834720313556233
2001-05-05,-23.534543227440345,18.74226708567524,-7.771737326025541,-0.8580642801994958
2001-05-06,-23.094146032063332,20.79127244067954,-9.55486080446833,-0.19989121655039122
2001-05-07,-22.09375814250275,20.15164737236207,-9.618100634235633,-0.4646182525482391
2001-05-08,-21.277201323952603,22.07442433236437,-7.734955753955904,0.12420454100329337
2001-05-09,-22.016308973128666,21.999206986157937,-9.492448487457574,-1.094045996582902
2001-05-10,-18.888962904051276,22.346590968906757,-8.805802812500373,-1.1326625297756436
2001-05-11,-18.095531156142588,21.164226896664104,-8.093787296422336,-1.1121728576939929
2001-05-12,-18.488024073326745,22.192412819753578,-7.340618703239201,-1.0628473617105818
2001-05-13,-20.340120997395672,22.98393614842088,-8.328283657927395,-1.4381392527649184
2001-05-14,-19.909458538683744,23.476560971184274,-9.668478006433427,-1.4705544102195403
2001-05-15,-21.312428866586085,23.460368172288664,-7.9878347072871465,-0.08523528069387454
2001-05-16,-21.39810486238105,22.23969547301814,-6.36037368334294,0.49667051151174124
2001-05-17,-22.331866470005803,22.644637621419665,-5.855436969669839,-0.28470443036545123
2001-05-18,-21.629772892583333,22.571630268012886,-5.262125303619964,-1.1061772323049017
2001-05-19,-23.730177523339783,20.919194906114626,-5.474181000419054,0.0451190691993979
2001-05-20,-22.540352403683965,22.488958521419587,-4.906555645770873,0.5321882035860481
2001-05-21,-23.660074153409038,23.86609494460106,-4.1704201771060605,-0.5222776515240326
2001-05-22,-22.442619136944717,22.87097037706142,-4.15392020220729,0.5970071919842319
2001-05-23,-21.70672965149591,22.07503454257116,-2.8365599847918506,-0.5160291731357309
2001-05-24,-21.091806625202608,20.61118033650703,-2.999073307967618,-0.3854937459779826
2001-05-25,-20.97034898272197,21.141517248891,-4.1749704884729875,0.7057008153631126
2001-05-26,-21.30034175790865,19.184630455968858,-4.0478643987781515,1.232589349518726
2001-05-27,-22.348783960460086,21.084373121950623,-3.461551799675404,1.7729554343600156
2001-05-28,-24.350687561506703,21.301392189623744,-4.485228222746993,0.8878879064043931
2001-05-29,-23.434151082870777,19.506190364294994,-4.646172287446724,0.560103224718185
2001-05-30,-23.581010696835524,19.901127438653063,-3.8849064662601807,1.0075653391676036
2001-05-31,-22.378082067888943,20.76648351007129,-3.114295181423902,1.5802336534408798
2001-06-01,-22.469540937056603,21.3109221919472,-3.449091344632804,2.1122621879701846
2001-06-02,-23.797483021407494,19.701690714446205,-2.5136194312200253,0.6774964550487388
2001-06-03,-24.493299653507847,18.81866064863936,-0.8419457271765438,0.46193320202185917
2001-06-04,-22.95564920798301,19.414450059931855,0.6580870825376592,0.963143836033093
2001-06-05,-22.830401276788375,19.65534018112651,1.560332277620168,1.03280259958896
2001-06-06,-22.079097118398636,19.009755799600697,1.629781310723192,0.26585106058297925
2001-06-07,-21.919422575270136,19.399587607100706,1.8096159595690442,-0.1546078536847726
2001-06-08,-22.954606171179037,20.803878108808895,1.1066001174621745,0.8627346597390431
2001-06-09,-22.266211143996838,21.104924111605673,2.23770026159581,1.0854506964091566
2001-06-10,-23.06524574866216,21.632865057730328,2.2020764819590117,1.0147243651207798
2001-06-11,-21.52363526030213,21.442888394641525,2.2188544225156277,-0.7100979180333971
2001-06-12,-22.548129906584947,20.820565696057503,2.288144936201159,-1.2474476077794519
2001-06-13,-20.96696565408743,19.76560115323387,2.7821777457230312,-0.5803424632815616
2001-06-14,-20.96926031080634,19.3227912741543,2.14610666264224,-0.8703549438311985
2001-06-15,-20.634463518893558,19.20533655183203,1.4313038539640415,-0.33426377724762946
2001-06-16,-18.36630624365894,18.962528220581095,2.635264355419797,1.6184657860428753
2001-06-17,-20.303775197026322,19.92572249397604,1.2089908414401576,1.388190010812094
2001-06-18,-21.691813005045812,19.15288904980405,1.7416182571704049,0.4043236782623263
2001-06-19,-21.085459383265356,19.37082222720297,1.2469886826952488,1.8717012443219923
2001-06-20,-21.918391084549626,19.82817975632512,2.043248407741845,3.495011130672017
2001-06-21,-21.766235930016695,20.272653116218887,2.5376719090718876,2.9536846100737275
2001-06-22,-21.763124817011526,20.519492238558865,0.992348530726201,4.165764862454064
2001-06-23,-21.965966587743004,22.623192360199006,2.4698905534645426,3.2768518177411066
2001-06-24,-19.890682572068375,21.12483038603142,3.206263202892714,4.837110740727265
2001-06-25,-18.83584136135961,21.601950903347433,3.734097994725742,2.6024802760555126
2001-06-26,-19.707916518254454,22.08420461911648,3.1136837086091482,2.6845116256033776
2001-06-27,-20.872287316478708,20.575431052408984,4.092537229326434,4.26044173110331
2001-06-28,-20.46707366511388,19.66217871270965,4.358304718406339,6.28350661986725
2001-06-29,-20.71428117267509,18.73057149677448,5.435582103056789,6.378341385649251
2001-06-30,-18.947273594447353,19.720919897056326,3.7419066893978683,5.5323637516075985
2001-07-01,-18.74062662417677,20.562295937119337,4.744076285744443,5.797780398745048
2001-07-02,-18.98980236872004,18.185010058734363,6.269406716642593,5.895177926795755
2001-07-03,-18.92022063630105,18.765172434949413,5.78105177039713,7.7718532292269735
2001-07-04,-19.57879396921827,18.28028632061187,6.607390768503553,5.620498492483703
2001-07-05,-17.917460581587477,16.843469032045963,4.985387291845502,5.789990295361404
2001-07-06,-17.171269953501493,18.261788374388356,4.175567677209223,5.692349993641699
2001-07-07,-16.818083884166807,18.656756109818254,3.6530024565023633,5.069810100797252
2001-07-08,-16.690008143196522,19.705509719455783,4.268968201717254,4.272943889178372
2001-07-09,-17.626823767092862,20.405310783735153,4.467456406414882,4.545362618645656
2001-07-10,-18.8305821148942,19.388807899342712,3.3492752940074766,4.694728478514693
2001-07-11,-17.370315401403296,19.56841515515733,3.830693657432446,5.409243307755884
2001-07-12,-16.552095546834014,19.447449238838818,5.2327339960259005,5.423405778066114
2001-07-13,-16.675693492440868,18.57853742646898,4.779179676837821,6.871816501157946
2001-07-14,-17.481969621942604,19.299435202944984,4.687626791566175,6.052312997731983
2001-07-15,-18.028479302413672,19.740156801795973,6.192490434581515,5.74403836170555
2001-07-16,-19.056497953858845,18.793458158018836,5.408083201002004,4.413735534600239
2001-07-17,-19.548365679095614,18.001493837705596,2.7462408664487454,4.7437583900640705
2001-07-18,-19.65298355388186,18.30146810887434,1.7500389994324228,3.259198031638695
2001-07-19,-21.162581001612395,17.23816935069047,3.4447850260447224,3.9868886917328004
2001-07-20,-21.939844933049827,18.674103352163133,3.802583915215038,3.9561526080384164
2001-07-21,-21.184388749698932,18.074513252268105,4.094596142687737,4.391474337069493
2001-07-22,-22.291847924113753,18.793756213978412,2.5868460778188167,4.606106030793958
2001-07-23,-23.117020563383235,18.55727701404423,2.6439366997838953,3.9358029098938103
2001-07-24,-21.772753907579144,19.38891345694719,2.0092732859478293,2.857959604421194
2001-07-25,-22.324939211349083,19.60902611665846,2.278402318262229,3.3961047378570997
2001-07-26,-21.425763708808777,19.953034440375127,1.1875821120872114,1.1956270052796167
2001-07-27,-21.363669669335536,19.006007377489247,2.0429825749598325,1.891256687215042
2001-07-28,-21.411554634945542,19.933327718726844,1.98694516915845,1.1448702520408487
2001-07-29,-22.411469976439047,20.090422827730375,0.6113790593271902,1.454674372955456
2001-07-30,-20.72063632695312,19.487704559403078,0.6327467686448001,3.1230865610016263
2001-07-31,-18.865107561734195,20.605837078762214,-0.735719078801061,1.833215444564889
2001-08-01,-18.93021142406298,20.848253190120516,-2.0076473802619272,2.006763442236077
2001-08-02,-18.90105571713339,21.903180646979663,-0.5692808817859114,3.129490902156035
2001-08-03,-19.4502592521491,23.887683899866914,-2.171004647345481,3.434618665811102
2001-08-04,-19.48877584455716,23.574884756549725,-1.8508864970359158,3.118318205512853
2001-08-05,-16.98313401845128,23.229666063919808,-1.2104457012713192,2.651154433177186
2001-08-06,-16.258749664477655,23.654620263536206,0.2205340232962134,-1.2138022419109356
2001-08-07,-16.927730046980646,23.03661693950595,-0.11456328488996165,-0.8955069204349398
2001-08-08,-15.84130603454957,22.252596067006188,0.6450892078260357,-0.13996919672324593
2001-08-09,-17.83809753316597,21.425819032789825,1.077948142310657,-0.6013660197747224
2001-08-10,-19.21858721282073,23.521214609814713,-0.31415446204809006,0.14820597022227122
2001-08-11,-19.519010183579102,23.16235709760006,-1.784537652167399,0.32253222672427867
2001-08-12,-19.057647251759796,23.56865978775224,-3.8336469353764593,1.7556533455496282
2001-08-13,-20.18742915856755,23.950449349243723,-2.7763879263406754,0.9810496393174091
2001-08-14,-20.51948344893817,24.148125062189763,-2.192731513146163,-0.818016484682855
2001-08-15,-21.596584678581287,25.39769185386957,-1.4023209114981847,-1.3784354521360527
2001-08-16,-21.00629604654583,23.967698108664592,0.30660461198832123,-1.0214618963486708
2001-08-17,-18.941314519667287,23.637910593568535,0.5946126218590456,-0.6165723880697545
2001-08-18,-18.584449845996804,24.31131530054664,1.6941577295332455,-2.1509720945407524
2001-08-19,-19.16936435359622,23.84349711816428,0.34085212820643407,-2.1270288134566893
2001-08-20,-18.185744083911924,22.910813499170672,0.7404527204482931,-1.5363552005020402
2001-08-21,-17.543178546061625,23.57017175988785,-0.44548113689120106,-2.9632415811100437
2001-08-22,-16.064850717765214,23.69137801926962,-0.8217765076772378,-3.687810015941906
2001-08-23,-17.521953731253497,22.75658919177323,-0.4915907276150492,-3.242912385716961
2001-08-24,-18.26173924114801,24.496516720659365,-0.08868824271910752,-2.7225252718341446
2001-08-25,-18.93812939899406,25.28312401711019,-0.3661206905509905,-2.0229717912128864
2001-08-26,-18.503655980943183,26.330019656665208,-1.5704313241914152,-2.753030193115821
2001-08-27,-18.766736391248312,27.58220010043292,-1.9341935444469944,-1.7919930755355566
2001-08-28,-20.205101730196976,26.36431945626784,-3.926490046845765,-2.5257596474458257
2001-08-29,-20.34529156083975,25.468783563651886,-2.7060425840120406,-1.9025607155729687
2001-08-30,-20.84693617897161,27.24452351684105,-3.931895144962186,-1.9685280602919477
2001-08-31,-21.284657292421105,24.85787920077685,-5.3899311491785955,-1.337864510891161
2001-09-01,-19.682196242640828,25.842365721584684,-6.666545711880264,-0.5269043133148958
2001-09-02,-20.519752375158657,28.598343879588988,-4.8252384022022135,-0.6808751080893012
2001-09-03,-21.36995340096071,27.152938427535325,-5.636054368838005,-0.7647542137573382
2001-09-04,-21.532106543561124,28.021703453364704,-6.148823941869708,0.12921672715664634
2001-09-05,-19.19092035342328,29.044092658214524,-5.2542481182157035,-0.41813997440405615
2001-09-06,-18.081959485505138,28.453382630947992,-4.952502177399934,-0.29183608207554457
2001-09-07,-17.92757221182901,27.324973044053323,-3.8894539840230653,-0.2090857066012789
2001-09-08,-16.918096902698327,27.351544095343744,-2.8387276747892782,0.5580236065838508
2001-09-09,-15.880203224088877,28.169287385766488,-3.418100845146569,0.3279429418216059
2001-09-10,-15.841172140696624,28.783905745443544,-3.466775323852075,2.3181624426213103
2001-09-11,-16.92503410128296,29.516061878722596,-2.7417386411873563,0.622513778063009
2001-09-12,-17.825527633705924,29.463665315035303,-3.5734073867749268,1.2651579817191205
2001-09-13,-18.693486387344947,28.34137513603736,-3.804406020084963,1.3140404668460939
2001-09-14,-19.451760491253655,27.478349770791173,-4.623471362674255,1.569974938483201
2001-09-15,-20.645431491606004,27.555555880476717,-4.28969708986345,1.7086749458456496
2001-09-16,-21.23852784658317,27.115120895139523,-3.4264331306006204,1.7781223567235578
2001-09-17,-21.55056487348531,27.73142493050642,-3.2183029253760824,1.8844883298111708
2001-09-18,-22.61563324190815,27.895917654986604,-3.938883912501186,1.0124888269107881
2001-09-19,-21.712952365514948,27.282498111218874,-4.733695191170163,2.5804885182094477
2001-09-20,-20.406213875865326,26.840557014855136,-4.821736305912485,1.788927471669734
2001-09-21,-19.30931116499293,27.6568336224616,-3.9116815075181695,4.75115247908199
2001-09-22,-17.806656679827924,28.29794389994734,-2.32415220188137,4.321683224569616
2001-09-23,-17.87362256094931,24.692760060774997,-4.611927888727127,4.388150750572738
2001-09-24,-17.943258760830858,24.352933375009655,-4.43554082375153,2.9176929977405943
2001-09-25,-19.00672819231054,25.65495211525145,-5.297012344283134,2.784144837936383
2001-09-26,-20.528841065738288,24.41307688946913,-6.671513114821472,2.3121619958505306
2001-09-27,-22.48342429033882,24.104269773620167,-8.973926597718275,0.7177972743432541
2001-09-28,-22.068479017298014,22.34383401777353,-10.674445606719777,-0.35262089346346936
2001-09-29,-22.685543322385023,21.45435902899772,-9.93342287196933,1.3149402775709111
2001-09-30,-22.368572794367818,21.98961792234066,-10.061724123071206,1.1591572172987643
2001-10-01,-22.665328456701594,23.063446002264964,-9.331533185999772,1.1954096578531914
2001-10-02,-23.04931768493457,23.976502986486338,-9.732512056467243,2.319562655291566
2001-10-03,-23.020253356438637,24.271550182176373,-9.838393767490135,1.668277074334213
2001-10-04,-22.376561771580285,22.319939690795607,-10.219195496247764,1.6962925779993812
2001-10-05,-22.385466939556114,21.189313418391787,-8.045535748706369,2.2132961790403303
2001-10-06,-22.377481689567986,20.625978260126786,-8.369332501554196,2.4070274055719714
2001-10-07,-21.68728070445153,21.80536786481767,-8.964828726962562,1.9998699371519117
2001-10-08,-20.966385542658134,23.870260931619317,-8.537367280505633,3.2310471527803237
2001-10-09,-20.472413902527666,22.819254911393383,-10.203923531136985,3.4010834387617996
2001-10-10,-22.47309621248055,23.55374532250842,-11.335598837146085,4.4713188092020655
2001-10-11,-23.85583369003426,21.025148300631514,-10.53037178001877,4.122087067444431
2001-10-12,-24.79070283763909,22.43486589312115,-10.392639224531619,4.613799461584391
2001-10-13,-25.12396836100745,22.901798189429083,-10.024824750505159,3.2704514391433213
2001-10-14,-24.55945902221137,22.445865951884326,-10.457633129179063,2.7645621330987145
2001-10-15,-25.702867066625096,23.21873387093829,-10.018320605976411,2.755455806457444
2001-10-16,-27.09937639368109,21.528968454624895,-9.553854054330905,4.025378037992094
2001-10-17,-26.62996836378931,21.041882558851228,-9.04150910050954,4.398450732540963
2001-10-18,-26.630021023822025,19.969129478004085,-7.443827978482223,4.550946155281865
2001-10-19,-26.548135182274283,19.897217185843704,-7.244082949309652,6.6035080226766
2001-10-20,-26.479931806055824,19.65883838057254,-7.026065272069095,6.550265876634672
2001-10-21,-26.221955622846885,21.14715803606881,-7.681749859123955,4.816547616305987
2001-10-22,-27.321339423855306,19.94071718884877,-6.4389208914375455,3.708300980474383
2001-10-23,-25.407673790649312,19.55002924600435,-5.433405222996518,4.324156325261167
2001-10-24,-23.220267930077053,19.805648875110993,-6.039427240739979,5.533040112532043
2001-10-25,-24.3548402051716,20.549961125424222,-5.91466359106889,5.964947980295524
2001-10-26,-22.615001106367085,18.91517034119996,-6.871047232519485,4.525334988124118
2001-10-27,-21.317304768341117,18.946538737471446,-6.501853186741215,4.31267948474263
2001-10-28,-20.96623818731026,18.189877343403058,-6.72141588894633,3.5771137975622147
2001-10-29,-21.79133113210022,18.617955327654368,-6.674855269353274,5.184107938837219
2001-10-30,-20.329393326955465,18.988358224983912,-6.3007676835949455,6.159598697964929
2001-10-31,-19.626439102375528,17.57324231390209,-7.436819868371842,3.840166232559731
2001-11-01,-19.341399619050723,18.041742490554178,-7.375005643320699,4.04615642201192
2001-11-02,-18.711534757766046,17.038811885781588,-6.909299937806651,3.6681729962193472
2001-11-03,-20.81583051027868,16.71358280083559,-7.20530029034199,2.762745156546743
2001-11-04,-21.615538841038585,14.710849286237336,-7.270272156389413,3.706173619517788
2001-11-05,-22.611729263565383,15.238074027662451,-6.199781094064649,5.174790638535005
2001-11-06,-22.9790932593196,15.134358697042833,-6.038936872473831,5.2568622218950125
2001-11-07,-22.122332844173382,16.428070251492034,-5.547549933786436,5.297841569475377
2001-11-08,-23.26282820834868,16.16145671118133,-5.292605673800295,5.69164261236099
2001-11-09,-23.610793162952525,14.537083202300089,-5.969871210988003,4.711180387645683
2001-11-10,-22.693822269891836,15.112505536359283,-7.770944443451268,5.089209918438171
2001-11-11,-23.374613563979306,11.687380546357215,-7.6455586114919285,2.451078475451464
2001-11-12,-22.781636527379767,11.255076475270796,-8.082642262079336,2.6205983495209577
2001-11-13,-22.510022562965784,9.99621430887368,-9.004513850060066,2.4023433343985943
2001-11-14,-21.530371301586474,11.433790992651407,-7.772267782586285,0.37903356958449574
2001-11-15,-20.61544989216912,10.70704176904232,-7.099128821773965,-0.42550377104502024
2001-11-16,-20.147161964347482,11.516119913387056,-6.354439893337501,-0.07164569537848059
2001-11-17,-18.011919630225538,13.18762658494742,-7.04874287416829,-0.0579780936959099
2001-11-18,-18.306384929447127,14.725642905014393,-7.075476010463776,-0.8940973287772104
2001-11-19,-18.068932719629025,15.980060467047098,-6.646584296842134,-2.7690106048472445
2001-11-20,-18.68090810951851,15.622563034222136,-6.522401301030147,-4.410524076679618
2001-11-21,-18.212065742395936,14.921187061517546,-5.976047148360551,-3.8180037217803835
2001-11-22,-18.853523875264283,15.00358981077818,-5.756749650024044,-2.5290490343507672
2001-11-23,-18.252506454345202,14.230981291604177,-6.005099536630243,-3.65122374214858
2001-11-24,-19.98620981046424,15.146313306199952,-4.823884686413409,-3.458021797236076
2001-11-25,-18.88236312197914,16.81028819765495,-5.314738335208206,-2.9167958178370554
2001-11-26,-21.562453315063813,17.945375822395977,-6.395685240399696,-1.6295065644897346
2001-11-27,-23.53800802407266,18.267177891339312,-7.383755348431914,-0.2350401779384994
2001-11-28,-25.1169890403463,18.31251073566457,-6.7324370204095985,-0.6417642519526954
2001-11-29,-26.3768363430609,19.69278069592259,-7.240208153845197,0.822628085193003
2001-11-30,-25.31247446459781,19.832606549283234,-7.988291320995695,0.04148275803220203
2001-12-01,-26.520992610248513,20.861737593399162,-9.705393230427713,-0.401323092054505
2001-12-02,-25.81848650835582,21.823071680257115,-8.306477991218735,0.7736101418051682
2001-12-03,-24.31476974063674,21.490229884083462,-7.64131662997287,1.0445912201552277
2001-12-04,-24.67539801814973,22.22440151965869,-6.82356982467722,-0.3930187080386238
2001-12-05,-24.23647122287209,23.020119178219087,-6.0584761019888855,-0.16415172923235616
2001-12-06,-25.504567323865164,22.634598177919884,-7.1454813001083135,1.6921732929916538
2001-12-07,-25.42954558754337,22.461721510820524,-6.705780642124543,1.9606265506344536
2001-12-08,-25.674730478517745,21.567638283199923,-5.9015551513648,1.9199494396712096
2001-12-09,-24.54378432562463,21.964984913284283,-5.404945724795151,1.2916335295385986
2001-12-10,-25.37246290884669,22.59375044009177,-4.4923373829617645,1.4071400755100685
2001-12-11,-26.56455071448739,23.502748295286423,-5.314205196359137,1.364552381765557
2001-12-12,-25.029136999797796,22.78155893689934,-6.077395753329521,1.190043597681547
2001-12-13,-24.2317471895399,21.789076763190216,-4.898836767098643,2.1631738797844218
2001-12-14,-23.156054012465873,21.572196281428084,-3.6032108816230903,3.625009181336746
2001-12-15,-22.88647079302923,21.449559043841916,-4.5200536557345385,4.207413787853133
2001-12-16,-23.73813828842611,21.338180143330582,-5.255671051214489,3.651877982789226
2001-12-17,-22.493441465508404,21.82902085854948,-4.451408649399193,4.471323561050095
2001-12-18,-21.87942552112271,22.351897048353273,-5.110762282719437,3.9331572042918888
2001-12-19,-20.5905337875944,21.65968028471571,-5.61159555310941,2.4162567555129524
2001-12-20,-20.145408388071026,21.782101732335025,-3.184478391709532,2.3387054278495953
2001-12-21,-19.334548521523036,24.057155935442356,-2.9345365420347527,4.103071315910123
2001-12-22,-19.437842135363336,25.905655632301002,-1.7439937068891804,3.978810269697406
2001-12-23,-18.36885137711375,25.65807130819104,-1.1066005775629724,4.597358144568322
2001-12-24,-16.507408157100073,26.522794472038477,-2.1665961953432173,5.184099917169035
2001-12-25,-16.498576297332235,27.43550024181772,-0.8853640266305363,6.264378188532076
2001-12-26,-17.19523147505505,29.015607791955755,-2.199242947572059,4.779784804840478
2001-12-27,-16.316623263823892,30.528534353533594,-0.07508802547618698,4.988274479753444
2001-12-28,-16.991833346414186,31.288572001945102,0.24426744264678152,4.271409598413465
2001-12-29,-16.55316002607286,29.836546866897894,-0.2021766358203162,3.9639734830448194
2001-12-30,-14.794428867616329,30.42306350099832,-1.3111991908286198,3.214928428214053
2001-12-31,-14.541242054867196,30.011263631007257,-0.5021399519724764,3.981130702082944
2002-01-01,-16.004484655991813,29.723942584207396,-1.6043216131234024,2.552350557107789
2002-01-02,-15.085380829260627,28.413092973906423,-1.803647899575172,4.266430443104635
2002-01-03,-15.015965943703339,27.98915468261509,-3.3334307297626804,3.248548293346819
2002-01-04,-13.523391255490447,27.158835824054336,-3.234508568231133,3.871853988619516
2002-01-05,-15.705870321134828,28.538321624919007,-1.8551834125018143,4.204219897604975
2002-01-06,-14.278156892922421,28.26391526462354,-2.918103798350999,4.546654158511462
2002-01-07,-14.388987627770216,28.468071398425106,-3.1039855256756894,3.7117510926659136
2002-01-08,-13.943098013711921,27.509647543389327,-3.3992121544602014,5.637446028273241
2002-01-09,-14.145091407805698,28.30680817342507,-4.150817591303243,6.6901629093148856
2002-01-10,-14.121195829019527,27.96122183888049,-5.347820605920999,6.3352435251884405
2002-01-11,-11.981834029955081,26.65101352020956,-6.9472287486097235,6.499347680711906
2002-01-12,-13.030583153159812,27.536540628938486,-7.096295902441133,6.692926634952529
2002-01-13,-13.02506857844291,27.01341457172898,-5.717895079511564,7.811468421922692
2002-01-14,-12.745107912962101,27.355258538212492,-5.864615645351963,9.141963170090573
2002-01-15,-10.74074168404318,27.361433522094053,-4.025314943019484,10.691812403265029
2002-01-16,-10.47373765460388,27.57547265030565,-3.866251448317752,11.523363290010566
2002-01-17,-10.324575635157737,28.587768279588932,-2.978818519943996,10.140565504340119
2002-01-18,-9.102946066665217,30.988520173688972,-2.423760177848247,7.9592767691763555
2002-01-19,-7.462307082796636,31.39927410853905,-2.7511394077521034,9.406820694843713
2002-01-20,-7.32225039500661,32.64598922292891,-2.9428707520573276,8.535703584948285
2002-01-21,-6.819137098584181,28.7877584737001,-2.7831837307745793,6.064906808365031
2002-01-22,-8.670154378414365,29.752608293973434,-3.4950173282159738,4.5055319728233325
2002-01-23,-7.618416672688209,30.165588328492152,-4.494113113196025,3.2173903420404866
2002-01-24,-7.584100931015363,28.310976050519667,-3.8135092454572637,3.1381530646060396
2002-01-25,-8.038272818972864,27.509125623842117,-2.4269914952139544,3.9696321170264164
2002-01-26,-5.626520840717211,27.741423023211052,-1.3305513784891454,3.2116242488955544
2002-01-27,-3.774576085139627,28.21016433666453,-0.14664608355768194,3.8478432597651295
2002-01-28,-5.367200675504569,29.298057496685797,-0.5855490064779705,3.512143024144633
2002-01-29,-4.852010833665665,28.44113554860674,0.7396362778217325,3.11072204598134
2002-01-30,-4.972848366619121,29.75926776234345,-0.211207270853623,2.5586594829596043
2002-01-31,-5.046709445381144,29.883255425537236,0.06938286490496115,1.9832530996493767
2002-02-01,-6.074970542422252,28.336508838519176,0.4078038514520242,2.790392073715881
2002-02-02,-6.331227341203041,27.56197248061233,1.5194325219095475,1.2681779326624592
2002-02-03,-6.488495417713852,28.591427282036502,1.391171122970888,1.6879944041735768
2002-02-04,-6.133656097034265,30.328657372689218,0.41361912997914263,2.7534340442179976
2002-02-05,-5.986861451276157,30.877668318949056,0.4465546275215631,3.730198957393192
2002-02-06,-5.297511812843955,31.059781694592445,0.296798463837181,4.061055662743361
2002-02-07,-5.417693176491811,31.667774209155183,-0.3985752956605956,3.3290666677043372
2002-02-08,-6.1842285753149735,32.1827337014339,0.34346696444543134,2.9560742650931235
2002-02-09,-6.009594915162204,32.22512999353751,-0.3461097843194918,3.1086680034934475
2002-02-10,-5.659915030435361,32.87979946090785,0.9985360038516957,4.38282669493031
2002-02-11,-5.727317799731165,34.27489948819035,0.9483133425649163,2.124168492076705
2002-02-12,-3.4071286997072883,34.72135793941825,2.0250003350477392,0.14587843176356485
2002-02-13,-2.951393113014942,34.8877886706944,1.9227608131275273,-0.7004700270524544
2002-02-14,-2.3215610050038804,34.19666196191273,1.8581127370448234,-0.5423112195684854
2002-02-15,-3.0273313172128784,33.49339580626276,2.138164632517718,-0.5001321600315131
2002-02-16,-3.6376706470058355,34.155455666966425,2.1949547048173117,-0.9879154511336463
2002-02-17,-3.480513568356722,33.16190643107464,1.9081570417440217,-2.5303194845725434
2002-02-18,-6.009476696778179,32.75757935080656,3.0736974749008334,-1.9355709549289948
2002-02-19,-6.829350457442812,34.49146674616867,3.5507611962383976,-0.8035437257189306
2002-02-20,-6.23895970898623,35.921942743814995,3.480583619890689,-0.22118409734876188
2002-02-21,-8.58776068062871,37.632905127143026,3.0521759487630598,-0.6895716203382831
2002-02-22,-8.482903860679446,34.61576333071865,4.1566726164026395,-2.366101352616254
2002-02-23,-9.929025481955806,33.72940029181621,4.337344780793492,-2.296788059474185
2002-02-24,-9.891437547919628,34.6358452218986,3.4849845325787143,-1.9075244294865303
2002-02-25,-9.237039352839044,33.31497648815663,3.366816688385871,-0.7398518207547893
2002-02-26,-11.204511091852916,34.05053770612557,3.3571362509835847,-0.4810364172462663
2002-02-27,-10.2002086001841,32.60845187028416,3.577966646181368,-0.24309305829332126
2002-02-28,-9.490044213805723,31.78272260953315,2.9342397513429184,0.5582768308448254
2002-03-01,-9.035706578789423,32.078290554884894,2.7103591086584253,0.6165030345833423
2002-03-02,-7.7731002868355255,32.51411932025407,3.1033990043655355,-0.9234323055424462
2002-03-03,-6.686377379425652,32.57410330315921,4.368917389944003,-0.5874019238399479
2002-03-04,-5.964429656418879,33.12260734842151,3.7858679223051297,-1.9532809096467925
2002-03-05,-5.171856354286317,32.92103437198471,4.478348072341647,-1.8526393205326845
2002-03-06,-5.213809404285688,31.59073646834178,4.805038788226372,-1.7915074491399454
2002-03-07,-5.717725469374643,30.31601731718105,4.0131254500979745,-0.8575970185263264
2002-03-08,-4.256457561106129,30.94218133747889,3.8997224194659985,-0.9173734312666444
2002-03-09,-6.569006031151458,29.89694088807663,5.025325237834678,-0.7935639273827633
2002-03-10,-7.758183451560825,29.38586026838956,4.349760085146413,0.32685381836634386
2002-03-11,-6.449476634606737,29.669295916646696,4.96403781333776,-1.1907407525275677
2002-03-12,-6.9303526411044505,28.739708837852294,5.046314336791782,-1.4609115178137941
2002-03-13,-6.591929655015555,30.236660045436498,6.011347993888109,-1.2353882692528897
2002-03-14,-5.636062151202322,30.338674757263934,7.130535948273073,-0.20527652776592542
2002-03-15,-4.541028566846506,30.2420268617535,7.649817169320922,-0.5179826600901019
2002-03-16,-4.999533853105633,30.467900280679434,7.870072528145631,-2.214057734050461
2002-03-17,-5.039817432456118,29.53083684950295,6.850395796831341,-1.5043352285655396
2002-03-18,-3.66375379084246,27.885739532779617,7.31948735233224,-1.2165126815968945
2002-03-19,-4.162239994745965,27.461853573647183,6.868612991846436,-0.5874676365792959
2002-03-20,-3.2656698089505047,26.845149576742138,8.387177862297749,0.8021650436285694
2002-03-21,-5.055625055183678,25.64361803377562,7.597689965496507,1.2602347615390384
2002-03-22,-6.141681979921098,26.930981130946673,6.623042525979076,1.470618162221121
2002-03-23,-6.6362368851023135,26.431877001350347,8.484431948805975,1.4438804310232052
2002-03-24,-4.921459357568636,27.045263672830966,7.49558198420049,1.1158774867857124
2002-03-25,-6.447572055894635,27.160444823182154,7.474486459615654,1.0526871182772428
2002-03-26,-5.2229362265518855,28.226879139309112,7.712492462083985,0.14632532940268506
2002-03-27,-5.430789750800241,28.37006238435343,8.86558201279101,-0.4807569378979173
2002-03-28,-6.735372914364662,26.80863426420561,9.35451821948181,0.04499176333085875
2002-03-29,-6.94760574924548,26.776581191352957,7.860258778501792,-0.5406836398939989
2002-03-30,-7.562580871605429,28.37731853729401,8.829364566566957,-0.9877248226562061
2002-03-31,-4.273775315843704,29.44432289820381,7.996635962584356,-2.657318657038361
2002-04-01,-4.476758285973933,29.620690317782103,7.037231440379943,-1.6579703114136715
2002-04-02,-6.615374141052021,30.09310308575946,7.141555569936279,0.13468848195024807
2002-04-03,-5.8296054175536,30.179774987955824,6.819853266271134,-1.3920896571608155
2002-04-04,-7.414879597736256,30.399686430968092,7.873119640451776,-1.6707373314740988
2002-04-05,-9.691015243804243,31.165890191882493,7.227787099594976,-0.3063072983471893
2002-04-06,-10.166309622203427,32.55025233385454,7.767262937014878,1.226681070513929
2002-04-07,-9.917522286589831,31.27918232533516,6.38534085069876,1.362097483021487
2002-04-08,-9.761004081758623,32.45022145172873,5.29063231803061,2.0883249276486007
2002-04-09,-10.294352663025418,32.114221009117024,4.82611768641082,2.921782065566861
2002-04-10,-9.384490053875373,31.659453644806867,4.1558934982153986,3.1996621693856193
2002-04-11,-8.133467311606996,29.37564635598589,2.647463109309844,2.2548098164068557
2002-04-12,-7.074935433182247,29.02444453281792,2.6628311272769447,2.7762996909919098
2002-04-13,-5.413820982136501,30.867231528137374,4.558122794659871,2.6002974174689526
2002-04-14,-5.5723189202723304,31.114241753285704,5.736905328149302,2.977385126364672
2002-04-15,-4.509693160054926,30.73679198103475,4.557851561128469,3.475423612792707
2002-04-16,-4.754515505698847,31.13594236769404,4.953424376814453,3.856959617665499
2002-04-17,-4.8230419916106575,30.379485088456022,5.062233984788752,2.872001489033217
2002-04-18,-7.519537354991959,29.872946700449212,6.401230210733054,3.807850987814082
2002-04-19,-8.288011224090353,30.48732769828759,6.488760658535321,4.219091316203867
2002-04-20,-9.507554496631286,29.844606453100564,6.307543160630546,5.341410838294292
2002-04-21,-8.140145963177243,27.515242501748,4.971855575464081,5.684826144161144
2002-04-22,-7.52332760100675,26.666867861315435,3.2337133708534123,4.879765980696409
2002-04-23,-7.794616243054944,27.382469250774935,3.870076215684572,4.663987252620239
2002-04-24,-8.494092142806961,26.564054381710083,3.8210367468194426,5.572408943111715
2002-04-25,-10.532876629975116,26.64278651420197,4.736199874607639,4.723645888966042
2002-04-26,-12.796071188567174,26.306400294922245,4.539375192506368,4.512982022432128
2002-04-27,-13.04942009603541,26.753965598196988,4.6580210816429,5.441383378534229
2002-04-28,-12.144481429730664,24.54091548359857,5.735030608404793,5.357558629221324
2002-04-29,-11.42187418896428,24.302511991865778,5.887821917975563,5.248351506198449
2002-04-30,-11.6696083142128,23.30973775074202,5.57242164087051,6.039173654952072
2002-05-01,-9.963520213358395,22.34024306715517,5.423608149235336,4.74207443046443
2002-05-02,-10.82971934892533,22.986735555283264,5.87085920556671,4.392589108322234
2002-05-03,-11.152010222773132,23.26437142006265,6.403909483715656,4.281235373075618
2002-05-04,-12.841281186154404,24.13915667497806,9.457207072154363,4.467361473228362
2002-05-05,-13.428684322565314,24.237197211949873,10.263994441079616,7.314193032571062
2002-05-06,-12.943912505456831,24.175095976090986,10.62987190862192,8.756033070043232
2002-05-07,-13.734093587428218,23.209947787611497,12.036729753994383,8.817626358820968
2002-05-08,-13.715818103246706,21.921417347131086,13.070825570456323,7.167893017443734
2002-05-09,-14.869297449189459,21.348804519824185,14.646741904426635,7.691781262540054
2002-05-10,-14.886227097379928,23.131061511118137,13.651622317724879,7.419119114799173
2002-05-11,-14.337610137299913,24.004959556217763,13.641376476713093,9.130343819607798
2002-05-12,-13.318174638788108,23.487783558145335,13.363160988956306,6.9726795558342225
2002-05-13,-12.886196616053965,22.685746481140793,13.901594761199302,7.796646802184375
2002-05-14,-12.950088531044376,22.253181090709173,12.789970804936372,6.966791461993252
2002-05-15,-13.038406949987841,21.244725912706155,11.53202649318239,9.039545160746385
2002-05-16,-14.633936661872498,21.396720776738302,10.997361064959179,8.745608419100666
2002-05-17,-15.652687213629662,20.280268581836843,11.221569094314924,8.908643843549452
2002-05-18,-14.76076698119403,21.138198363372563,11.238629103034832,9.631340921098694
2002-05-19,-15.578528316168448,21.26328266021092,10.782052082176211,9.672031651615802
2002-05-20,-14.367534922104062,22.38421203473372,12.335797226966172,8.741873117058025
2002-05-21,-13.257992948413232,22.138985544409945,10.742009875897942,6.34093896153885
2002-05-22,-14.154589359901694,21.894717329672424,9.490616548457409,7.043686592780119
2002-05-23,-12.151625856154345,22.391289694616738,8.609983663330995,7.120018193028211
2002-05-24,-9.453879929058123,21.404349485405444,7.524323669384447,6.246014645195823
2002-05-25,-9.711545772181044,22.23574300559332,7.351914893290104,7.3683111969101205
2002-05-26,-8.545078167770045,21.87255088853693,6.681136873685339,7.56987113336117
2002-05-27,-8.420976153038875,20.571214968063323,8.114750608249388,8.428568513140736
2002-05-28,-8.526698411995268,20.751888913568635,9.033616181023891,6.417146711384111
2002-05-29,-7.016490901807601,19.517808184090132,10.689633134663795,8.177554296500066
2002-05-30,-8.214138908639203,21.300775838569393,11.454850247303163,7.561228960496745
2002-05-31,-8.212859323240812,19.546398103907666,11.530470547757076,7.791620881133726
2002-06-01,-7.283506070525927,17.857492252696765,12.043830520192174,5.982289810548576
2002-06-02,-6.780928569444924,17.73772368141571,11.887129555433049,4.402959068332892
2002-06-03,-6.938438334092676,17.072069341245864,11.403605862947877,2.4535659537896732
2002-06-04,-5.377165142542815,17.956328181408246,11.167460078748855,3.0615152716216985
2002-06-05,-5.258531583330383,17.222971483035447,11.336997523656047,3.6184982437236117
2002-06-06,-6.798717855155601,16.74834606537873,11.115390920765257,3.978268327510433
2002-06-07,-5.65807053240456,15.362050803216075,10.76865227925586,4.303382155190056
2002-06-08,-4.245875455671402,15.129682971900333,10.04674300388206,3.3752405715722187
2002-06-09,-4.9123534275349146,14.506105170771058,11.787650660068108,2.710052857605194
2002-06-10,-6.493940456872343,14.842499215528099,9.206392428663898,1.821964086153994
2002-06-11,-6.124452349948246,15.060704960471742,7.046766256752308,2.345980373301697
2002-06-12,-7.095036154924084,15.727701404211324,6.835040946130604,2.439104055192117
2002-06-13,-7.0830261837722635,14.009370849024336,6.111808827538217,2.9560828123784755
2002-06-14,-6.677157584084889,14.277854456008766,5.557403463771436,2.8271108507898024
2002-06-15,-6.113422938810874,14.343036976139324,6.730124049339338,3.0593581425463827
2002-06-16,-7.1806611667509985,15.086635926556363,7.32922267794036,3.193806247675699
2002-06-17,-9.243869843288573,15.044403472037853,6.602712214762063,5.650599441975912
2002-06-18,-9.14958543143212,15.367611199822433,8.471169132842972,4.6961459379432355
2002-06-19,-9.113658235279555,15.8494735228864,8.988912549494806,5.6510580158698644
2002-06-20,-9.433295723808081,14.855755801514233,8.622341679687109,5.341279892583594
2002-06-21,-9.019929997813131,13.65463071326415,7.130741621628014,5.3553610779591425
2002-06-22,-9.303715312999405,14.754879018307257,4.656580154892136,6.031139565542673
2002-06-23,-10.655741524053784,14.579785982905154,5.2856374204953225,5.972780604557479
2002-06-24,-10.107785283374632,15.244130879222931,4.8138824182780136,4.569315590400944
2002-06-25,-10.70676024033912,13.710377274201186,6.237390143137888,4.225412409066965
2002-06-26,-11.977163376081258,14.698049242029672,5.38574076283591,3.7712568332550163
2002-06-27,-11.772750522168957,14.964945101194084,3.911155721476075,2.618467147706606
2002-06-28,-10.374099406132,13.779638386508699,3.2616774156264863,2.913880800907827
2002-06-29,-9.284381992951259,16.0122551406729,2.6619146298768865,2.6184356458358495
2002-06-30,-7.821774813519438,15.74253199841853,0.3418217927507632,0.9266242957387572
2002-07-01,-9.536984836998753,16.569972079321932,-1.3311245310780053,-1.6583965912760796
2002-07-02,-9.28718184770043,16.3807354759525,0.5593102832491761,-2.2997997552230087
2002-07-03,-10.096888935683273,16.85737039149667,0.5227735348212942,-1.7264845515952802
2002-07-04,-10.27463875484286,17.476966857813075,-0.2844833255966184,-0.2162053068637113
2002-07-05,-10.113890458170065,18.04464253328232,-0.4738382155388496,0.32303964766524584
2002-07-06,-9.792720291498508,18.556550587532314,-1.1011983423318625,0.7475917255233311
2002-07-07,-8.989541492535182,17.854069137695358,-0.34770847221102996,-0.1443742272765699
2002-07-08,-8.780286377526586,17.817280481814553,-0.9272307021512705,0.5511008501893014
2002-07-09,-6.428331073894892,17.451952636717948,-0.841583233370125,-1.061963169028684
2002-07-10,-6.746019651592413,15.91581442893534,-0.6753457449246902,0.618474085084459
2002-07-11,-8.755820193028642,15.538028825551597,2.132904551517063,1.3986947726786338
2002-07-12,-8.435103401202149,14.664668435143247,1.2223742116376668,-0.2777065970424253
2002-07-13,-8.19388409646889,16.888362011577684,1.9104670163663264,-0.007820797683305902
2002-07-14,-7.374215266194602,16.76619657613377,1.6079414087521449,-0.5719749629649877
2002-07-15,-7.651563125175093,16.24892109753446,3.1358694106491365,-1.342418696203818
2002-07-16,-8.22077144822046,15.14666786001968,2.361014187244325,-1.1725646090004636
2002-07-17,-7.92273921717184,14.638842809220069,2.8618762793156165,-1.458143338035753
2002-07-18,-8.96274604629073,13.827672743163767,3.1258389103026754,-0.21083565275772242
2002-07-19,-11.313509715868886,13.810343266661667,2.737307506829116,-1.0342032502213883
2002-07-20,-12.229744401549572,13.51767087847091,3.6334671323173593,-0.32458454403432946
2002-07-21,-11.095232002643353,13.044254577656105,2.8963310971789644,-0.6148849499550366
2002-07-22,-12.273268307779652,12.055424667155691,2.631804517165962,-0.382893013978875
2002-07-23,-12.286675810794792,10.918686316753305,2.9545964049367326,-1.0526457728558967
2002-07-24,-11.84478812713765,11.08523663614364,3.0743620094438606,-1.531715344022658
2002-07-25,-12.613627584409642,11.549883616230241,3.1674713095344975,-1.1538655683940198
2002-07-26,-12.899297444538776,10.554684138183505,4.204718642569202,-0.9197384452916979
2002-07-27,-12.375461330100265,12.55236681731261,3.9801589559608113,-1.9635622259243974
2002-07-28,-10.777145527323476,13.626074565641296,5.310671100319739,-2.0329134629793995
2002-07-29,-10.926392828382323,15.860260373380221,3.703238576352396,-3.270319338398399
2002-07-30,-11.539317898680236,16.063927626192765,3.777989051611343,-3.3473574672249757
2002-07-31,-12.71474869629435,16.977904903736242,3.113533819358512,-2.1575916063194676
2002-08-01,-13.306372578480957,17.179294630663833,3.38040113869395,-2.893379921899737
2002-08-02,-12.386817536210629,18.067309751723865,2.387924959741117,-2.5127623831426837
2002-08-03,-11.24768327674212,18.489286617859122,2.422921095921877,-1.3718177543975818
2002-08-04,-12.04735879161507,19.711233031288064,1.5988823104037113,0.09249027391513565
2002-08-05,-10.579009008262442,20.11405036840644,1.918795752866278,0.2560942131437347
2002-08-06,-12.329478105329178,20.982351583467374,1.1755791103413458,1.722324308951518
2002-08-07,-13.628033038333351,21.667046970425655,1.6519410235705991,4.845490173528195
2002-08-08,-13.835969864485358,21.12132863547234,1.9239528998710846,4.031981380585983
2002-08-09,-14.535290742446369,22.22434287305682,0.44045178767552784,4.539873136338099
2002-08-10,-16.234352828074663,22.88567210536652,-1.3741505468764394,6.0842919601479
2002-08-11,-16.65485420940542,22.61189995942571,-0.4796696108757975,5.651512279135976
2002-08-12,-16.6499691976594,21.906356048634116,1.4190770406099023,5.017061535911151
2002-08-13,-17.086758309499263,22.282287790781243,2.047886887972218,3.912227266885154
2002-08-14,-17.14512200625068,21.51780391999533,2.9558476804352045,2.835694766443299
2002-08-15,-18.116953776158528,21.432940067925454,3.95680025218957,2.3758285004183657
2002-08-16,-16.903220066052647,19.922745888716182,3.134402000248783,1.6822125546876852
2002-08-17,-17.483682782629465,20.84559638738087,4.233367377328332,3.327578453336268
2002-08-18,-18.11190284267576,19.756469271161773,4.093548534296412,3.8809400391313122
2002-08-19,-19.479215821257206,18.33599012011623,3.783860896840788,4.376959850936173
2002-08-20,-20.487525544127,16.07431610976247,2.8610122157575404,3.421578456778565
2002-08-21,-20.7667273112189,14.85570756880076,3.2600251832403724,4.743366339999872
2002-08-22,-21.097929175737992,13.651793947018785,2.975229580729394,4.463490085486973
2002-08-23,-20.20983646416314,14.180050115366562,2.691703172203885,4.893924098968097
2002-08-24,-21.96588996381944,15.25414912440736,2.524553637891237,3.8417286306996914
2002-08-25,-21.856987709748,15.438904297390733,2.989165826149737,3.8019851519069876
2002-08-26,-21.284276747243158,15.230455467451982,2.578593812983258,3.919270691011427
2002-08-27,-20.76017631350252,15.956745099587026,2.0000402570985347,3.4606612024282533
2002-08-28,-19.71958784873282,15.71414044198298,2.150538205232573,3.1882665597971154
2002-08-29,-19.443813412590302,16.19658193722283,2.952040469455398,3.0698630947642473
2002-08-30,-19.55149400023494,15.371839702638656,0.6626623856299121,4.424119070693197
2002-08-31,-19.107094012692798,15.906520966830387,0.14566314999027696,4.8209591549726705
2002-09-01,-19.1090131614148,16.18254069262228,-0.5176306805738874,5.816859547781911
2002-09-02,-19.761863505633755,15.865471343995926,-0.3016055118215848,4.34303073439622
2002-09-03,-19.982818099807233,14.830213811650424,-2.1815506953897623,5.3567927484789895
2002-09-04,-19.888225339075934,14.059141272401522,-1.9332600254673586,7.078433186896647
2002-09-05,-21.481543660039087,15.083242812255184,-2.468901503442321,9.56075562258817
2002-09-06,-20.701735828800658,16.85945881673309,-3.087117727543138,9.802338803228473
2002-09-07,-20.170801443925853,18.918030727641508,-4.929826569235889,9.63110981853566
2002-09-08,-22.010751855827998,18.341994224844967,-6.208059490597018,11.099656069267288
2002-09-09,-21.195738455908046,16.756265097859163,-6.288788806575731,11.978932100832688
2002-09-10,-21.080270023948536,14.138433052210791,-5.500295010369201,10.162447119878307
2002-09-11,-21.490710244107632,13.3820134815224,-4.825356850904341,10.187634854160972
2002-09-12,-21.642313448436944,14.214758288733632,-4.774457622687192,9.3830926482205
2002-09-13,-19.758067220330286,12.343089805059995,-3.1785313746303103,9.658494411064574
2002-09-14,-17.871844398106358,10.908546523795412,-0.9061954182832737,9.711039945585787
2002-09-15,-15.655212037902574,10.108360743539288,-1.4284637267827787,8.526026804366216
2002-09-16,-16.355028054991553,10.044452681678033,-1.252206749349928,10.04157870364835
2002-09-17,-16.232320924518714,9.630311502650686,-1.4384084061668991,8.27542135020199
2002-09-18,-16.623080837064983,9.607547159045874,-1.2869121977142055,9.712101421681814
2002-09-19,-17.13073140168453,9.171125131857501,-2.5078248706501607,11.32239712807998
2002-09-20,-16.48729650697347,9.846207702258257,-3.141919424333009,11.826418083873493
2002-09-21,-16.03866434665974,9.804104013201126,-2.6646276540558733,11.983397579791188
2002-09-22,-15.34628512133216,8.092606665568573,-1.148956595798835,11.14120844691577
2002-09-23,-15.203636781879629,8.215399582530694,-3.5865956985320038,11.440786363567076
2002-09-24,-14.221034283383096,7.861244885038174,-4.509886212707757,12.696170318585558
2002-09-25,-15.498026787772398,8.659222902607969,-6.097876407239252,10.953685798566593
2002-09-26,-13.761792204799052,7.486118633844737,-5.998303476871868,11.502216134997969
